id;guid;note;created_by;created_date;last_modified_by;last_modified_date;record_status_id
1;er;polarisation;object quickly till;2024-11-07T18:44:01;unabashedly;2024-11-08T10:32:16;30627
2;athwart tremendously outside;where;indeed inwardly yet;2024-11-08T02:25:17;vice aw provided;2024-11-07T19:23:26;4039
3;packaging tighten sparkling;busily;oof frizzy brr;2024-11-08T04:36:11;yak obvious cuddly;2024-11-08T00:41:47;14858
4;evil baa;vainly mid;mid the;2024-11-08T00:51:37;negotiation yogurt er;2024-11-07T17:09:05;16045
5;before;behind;for insert;2024-11-08T08:16:59;nor govern wiggly;2024-11-08T13:31:48;24617
6;only;opposite however detective;and qua defiantly;2024-11-08T05:27:32;unto notwithstanding;2024-11-08T14:35:19;5498
7;cheetah astride;towards disbar entrench;dredger instead trust;2024-11-08T09:45:35;importance besides;2024-11-08T05:26:50;31944
8;at publicity gaseous;cheerfully whose vice;boohoo powerfully;2024-11-08T01:31:51;culture whoa;2024-11-07T20:55:54;30107
9;alliance design;gray;pish stitcher;2024-11-08T06:40:46;ferociously;2024-11-07T18:57:27;26108
10;abnormally despite godparent;tremendously boulevard;brr meanwhile nor;2024-11-07T18:58:27;essential deform deform;2024-11-07T18:39:14;25567
